{
    "Cameras": null,
    "Lights": [
        {
            "cutOffDist": 50.0,
            "diffuseColor": [
                255.0,
                255.0,
                255.0
            ],
            "direction": [
                0.577350378036499,
                -0.5773502588272095,
                -0.5773501396179199
            ],
            "innerAngle": 30.0,
            "isOn": true,
            "linearAtten": 0.013123633340001106,
            "name": "zzzzdaylight",
            "outerAngle": 30.0,
            "position": [
                78.0,
                90.0,
                0.0
            ],
            "quadAtten": 1.974484985234337e-11,
            "specularColor": [
                1.0,
                1.0,
                1.0,
                5000.0
            ],
            "type": "directional"
        },
        {
            "cutOffDist": 50.0,
            "diffuseColor": [
                255.0,
                10.0,
                10.0
            ],
            "direction": [
                0.6080776453018188,
                -0.2688112258911133,
                -0.7469823360443115
            ],
            "innerAngle": 30.0,
            "isOn": true,
            "linearAtten": 1.561971385566352e-10,
            "name": "zzzzspotlight",
            "outerAngle": 30.0,
            "position": [
                -1.0,
                17.0,
                -17.0
            ],
            "quadAtten": 0.0015985950594767928,
            "specularColor": [
                255.0,
                255.0,
                255.0,
                50.0
            ],
            "type": "spotlight"
        }
    ],
    "Meshes": [
        {
            "filename": "assets/models/sphere.ply",
            "name": "sphere_model"
        },
        {
            "filename": "assets/models/tower_x50.ply",
            "name": "terrain_model"
        }
    ],
    "Objects": [
        {
            "alpha": 1.0,
            "diffuseColor": [
                204.0,
                204.0,
                204.0
            ],
            "isLit": true,
            "isVisible": true,
            "mesh": "terrain_model",
            "name": "tower",
            "scale": 1.0,
            "specularColor": [
                255.0,
                255.0,
                255.0,
                50.0
            ],
            "textures": [
                {
                    "textureName": "tower.bmp"
                }
            ]
        },
        {
            "Physics": {
                "shape": "sphere",
                "radius": 15.0
            },
            "alpha": 1.0,
            "diffuseColor": [
                204.0,
                204.0,
                204.0
            ],
            "isLit": true,
            "isVisible": true,
            "name": "player",
            "position": [
                -30.0,
                0.0,
                0.0
            ],
            "rotation": [
                0.0,
                -0.0,
                0.0
            ],
            "scale": 0.2,
            "specularColor": [
                255.0,
                255.0,
                255.0,
                50.0
            ],
            "skinMesh": {
                "name": "rpgCharacter_skinmesh",
                "path": "assets/fbx/models/rpg_player.fbx",
                "animations": [
                    {
                        "name": "idle",
                        "path": "assets/fbx/animations/idle.fbx"
                    },
                    {
                        "name": "action",
                        "path": "assets/fbx/animations/kick-L1.fbx",
                        "isBlocking": true
                    },
                    {
                        "name": "walk",
                        "path": "assets/fbx/animations/Walking.fbx"
                    },
                    {
                        "name": "crawl",
                        "path": "assets/fbx/animations/crawl.fbx"
                    },
                    {
                        "name": "jump",
                        "path": "assets/fbx/animations/Jumping.fbx",
                        "isBlocking": true
                    }
                ]
            }
        },
        {
            "Physics": {
                "shape": "sphere",
                "radius": 15.0
            },
            "alpha": 1.0,
            "diffuseColor": [
                204.0,
                204.0,
                204.0
            ],
            "isLit": true,
            "isVisible": true,
            "name": "player2",
            "position": [
                0.0,
                0.0,
                0.0
            ],
            "scale": 0.2,
            "specularColor": [
                255.0,
                255.0,
                255.0,
                50.0
            ],
            "skinMesh": {
                "name": "rpgCharacter_skinmesh",
                "path": "assets/fbx/models/rpg_player.fbx",
                "animations": [
                    {
                        "name": "idle",
                        "path": "assets/fbx/animations/idle.fbx"
                    },
                    {
                        "name": "action",
                        "path": "assets/fbx/animations/kick-L1.fbx",
                        "isBlocking": true
                    },
                    {
                        "name": "walk",
                        "path": "assets/fbx/animations/Walking.fbx"
                    },
                    {
                        "name": "crawl",
                        "path": "assets/fbx/animations/crawl.fbx"
                    },
                    {
                        "name": "jump",
                        "path": "assets/fbx/animations/Jumping.fbx",
                        "isBlocking": true
                    }
                ]
            }
        }
    ],
    "Sounds": null,
    "Textures": [
        "tower.bmp"
    ]
}