{
  "Cameras": null,
  "Lights": [
    {
      "cutOffDist": 50.0,
      "diffuseColor": [255.0, 255.0, 255.0],
      "direction": [
        -0.3550669550895691,
        -0.8251796364784241,
        -0.4393244981765747
      ],
      "innerAngle": 30.0,
      "isOn": true,
      "linearAtten": 0.013123633340001106,
      "name": "aaaaadaylight",
      "outerAngle": 30.0,
      "position": [52.0, 73.0, 0.0],
      "quadAtten": 1.974484985234337e-11,
      "specularColor": [1.0, 1.0, 1.0, 5000.0],
      "type": "directional"
    }
  ],
  "Meshes": [
    { "filename": "assets/models/armor.ply", "name": "armor_model" }
  ],
  "Objects": [
    {
      "alpha": 1.0,
      "diffuseColor": [204.0, 204.0, 204.0],
      "isLit": true,
      "isVisible": true,
      "mesh": "armor_model",
      "name": "armor_model_1081",
      "position": [-61.0, 2.0, 0.0],
      "rotation": [0.0, -79.99940490722656, 0.0],
      "scale": 44.505836486816406,
      "specularColor": [255.0, 255.0, 255.0, 50.0],
      "textures": [{ "textureName": "armor.bmp", "weight": 1.0 }]
    },
    {
      "alpha": 1.0,
      "diffuseColor": [204.0, 204.0, 204.0],
      "isLit": true,
      "isVisible": true,
      "mesh": "armor_model",
      "name": "armor_model_1082",
      "position": [70.0, 2.0, -101.0],
      "rotation": [0.0, -39.999332427978516, 0.0],
      "scale": 44.505836486816406,
      "specularColor": [255.0, 255.0, 255.0, 50.0],
      "textures": [{ "textureName": "armor.bmp", "weight": 1.0 }]
    }
  ],
  "Sounds": null,
  "Textures": ["armor.bmp"]
}
